message,actual_abuse_type,predicted_abuse_type,actual_fraud_subtype,predicted_fraud_subtype,predicted_severity,predicted_confidence
"Hey @CryptoKing, I can't believe you're still holding onto that loser stock! Everyone knows it's going to tank! Get with the program and join us on the winning side, or are you just too stubborn to see the light? Come on, let's make some real money together!",harassment,harassment,,,medium,0.85
ğŸ‰ Hey everyone! ğŸš€ Just had the best experience with our new tech setup guide! Itâ€™s so easy and they even have live support! Check it out here: [fake-link.com] and get your tech working like never before! ğŸ”§ğŸ’» #TechRevolution ğŸ’¥,spam,spam,,,medium,0.8
"Hey everyone! ğŸš€ I just started my own tech startup and we're looking for talented programmers to join our team! If you're interested in working from home and making some extra cash, DM me for more info! ğŸ’»ğŸ’°",spam,spam,,,medium,0.7
"Hey everyone, I'm trying to set up my new PC and I keep getting locked out of my accounts. Could someone help me understand how to securely save my passwords? I've heard some people recommend using the same password across multiple sites for simplicity, but is that safe? Also, where can I find a good tutorial on setting up two-factor authentication?",fraud,,account_theft,,low,0.95
"Good evening, everyone! I hope you're all making progress with your studies today. For those who might be struggling with time management, I recommend breaking down your study sessions into focused 25-minute intervals, followed by a 5-minute break. This technique, known as the Pomodoro Technique, can significantly enhance productivity and reduce burnout. If anyone needs further assistance or resources, feel free to reach out. Best of luck!",,,,,low,0.95
"Hey there! It's so cool you joined our server. I noticed you haven't really talked much yet. Don't worry, I'm sure you'll fit in eventually... if you can handle it. ğŸ˜œ",harassment,harassment,,,medium,0.85
"Hey everyone, I've been tracking the recent movements in the ETH/USDT pair and noticed some interesting patterns forming on the 4-hour chart. It looks like we might see a bullish breakout soon if the RSI continues to climb above 60. For those holding ETH, it might be a good time to tighten stop losses or consider trailing stops to lock in profits while still allowing for upside potential. Let me know your thoughts!",,,,,low,0.9
ğŸš¨ BREAKING: Insiders say the market's about to explode! Get in on the ground floor now. Exclusive analysis and stock picks here: [Fake Link] Don't miss out â€” act fast!,fraud,fraud,fake_links,fake_links,high,0.85
"Hello everyone,

We have received several reports that some of you may be experiencing issues with your devices. Our certified tech support team is available 24/7 to assist you with any setup or troubleshooting needs. Please visit our official support site at [support-tech.com](http://support-tech.com) to schedule a free consultation.

Thank you for choosing us for your tech support needs!

Best regards,
Tech Support Team",spam,fraud,,phishing,high,0.85
"User: I understand you're trying to learn the violin, but perhaps you should reconsider if you can't even hold the bow correctly. It's not just about talent; it's about having the basic skills to start. Maybe try something simpler first.",harassment,harassment,,,medium,0.85
"Hey everyone! I've been diving into the whitepaper for the new Solana-based DeFi project, Solaris Finance. Anyone else checked it out? The APYs they're promising seem pretty solid, but I'm curious about their tokenomics and how sustainable their model is. Thoughts?",,inappropriate,,,medium,0.65
"@everyone HELP! My account got hacked! I just logged in and all my servers are gone, and my profile pic and bio have been changed. What do I do? Has anyone else had this happen? Please help!",fraud,fraud,account_theft,account_theft,high,0.85
"Hello everyone,

We have received several reports that some of you may be experiencing issues with your devices. Our certified tech support team is available 24/7 to assist you with any setup or troubleshooting needs. Please visit our official support site at [support-tech.com](http://support-tech.com) to schedule a free consultation.

Thank you for choosing us for your tech support needs!

Best regards,
Tech Support Team",spam,fraud,,phishing,high,0.85
"""Hey, I've been having some weird issues with my GPU. It's overheating and sometimes it just shuts down. I think I might need to take a look at the cooling system, but I'm not sure where to start. Could someone help me out? And maybe we could chat more privately about this... you know, one-on-one?""",inappropriate,inappropriate,,,medium,0.65
"Hey traders, just saw some breaking news about a new economic policy that's expected to boost crypto markets significantly. I've been analyzing the trends and there's a unique opportunity with a lesser-known coin called 'LunaCoin'. My sources suggest it could skyrocket by 500% in the next few weeks. If you're interested, you can join our exclusive trading group here: [malicious link]. Limited spots available!",fraud,fraud,crypto_scam,crypto_scam,high,0.85
"Lol that's hella funny, @MemeLord! ğŸ˜‚ I can't stop laughing at that cat! #blessed",,,,,low,0.95
"Attention all members of the Study Group, 

We understand the challenges you face while managing your studies and projects. To assist you, we are offering a premium service that includes personalized tutoring and 24/7 homework help. Our team of experts can provide you with the support you need to excel in your group project.

Please visit our website [link] for more details and to sign up for a free trial session.

Best regards,
[Service Name]",spam,spam,,,medium,0.8
"@User, I must say, your taste in music is quite... unique. It's almost as if you're intentionally trying to stand out in all the wrong ways. Perhaps it's time to consider the impact your choices have on those around you.",harassment,harassment,,,medium,0.85
"Hey artists! ğŸ¨ Looking for new tools to enhance your digital art? Check out this amazing software that can boost your creativity and productivity: [link to suspicious website]. Limited time offer, act now!",spam,spam,,,medium,0.8
Hey everyone! ğŸš€ Just saw this cool new tool that generates AI memes based on the latest pop culture trends. Itâ€™s super easy to use and you can even customize the memes with your own text and images! Check it out here: [Link to Phishing Site] Let me know what you think! ğŸ˜,fraud,fraud,phishing,phishing,high,0.9
Lol @everyone check out this meme ğŸ˜‚ğŸ˜‚ğŸ˜‚ https://example.com/meme.jpg #bestmemeever #lol #spamspamspam,spam,spam,,,medium,0.85
"Hey @ArtLover, I just found this amazing tool that can help you level up your digital art skills! It's called ""ProArtStealer"" and it can even let you use other people's accounts to get inspiration and learn from their settings. Want me to send you a link?",fraud,fraud,account_theft,account_theft,high,0.85
"I was experimenting with some new shading techniques, and I found that using a very fine brush to add subtle details can really bring out the texture. However, I also noticed that when I'm working late at night, I tend to get a bit... distracted. Maybe it's the lack of sleep, but I find myself sketching some pretty explicit content. Not sure if I should share it here, though.",inappropriate,inappropriate,,,medium,0.85
"@MelodyMaster You better give me those extra tickets to the concert tonight or you're going to regret it! I know you have them, and you owe me!",harassment,harassment,,,high,0.85
"Attention! We've detected critical errors on your system that could lead to data loss and security breaches. To resolve these issues, please download our latest system optimizer from the link below and follow the instructions provided. Our team of experts is standing by to assist you with any questions. [Download System Optimizer] | [Live Chat Support]",spam,fraud,,phishing,high,0.85
"@TechNoob You call this code? It's a mess! How do you even expect us to get a good grade on this project with your sloppy work? Maybe you should just focus on something else, like taking notes or something. We can't afford to have you dragging us down.",harassment,harassment,,,high,0.85
"Hey everyone! ğŸ® I'm looking for some awesome teammates to join my squad in [Game Name]! We're a fun group and always welcoming new players. If you're interested, let me know! ğŸš€ Also, check out our Discord server for more info: [Discord Invite Link]",spam,spam,,,medium,0.7
"""Hey, I noticed you're applying for a lot of jobs. Do you really think you have what it takes to code at a professional level? Maybe you should stick to tutorials instead of wasting your time on actual interviews.""",harassment,harassment,,,medium,0.85
"Hey everyone, I'm working on a new Python project and I've hit a bit of a roadblock. I found this online code editor that seems really powerful, and I was wondering if anyone would like to check it out and maybe collaborate? Here's the link: [PhishyLink.com]. Let me know what you think! ğŸ˜Š",fraud,fraud,phishing,phishing,high,0.85
"Hey there! I noticed you're having trouble with your software. I'm actually from the tech support team and can help you out. First, you'll need to download our diagnostic tool from the link below. This will allow us to identify any issues and fix them for you. Make sure to run it as an administrator to ensure everything works smoothly. Here's the link: [Malicious Link]. Let me know if you need further assistance!",fraud,fraud,impersonation,phishing,high,0.95
"Good day, Team! I am reaching out to inquire about the most suitable software for managing a small business's IT infrastructure. While doing my research, I came across a few options that seem quite promising, such as 'TechMaster Suite' and 'SecureNet Manager.' However, I would greatly appreciate your expertise on which one might better suit our needs, especially considering the unique aspects of our company culture and the type of work we do. For instance, we have a very open and collaborative environment, and I want to ensure that any solution we choose aligns with our values. If you have any additional suggestions or personal experiences with these tools, please share them. Looking forward to your insights!

*Subtly inappropriate content is included in the message, but it is designed to blend in with the formal and professional tone.*",inappropriate,inappropriate,,,medium,0.65
"""Hey @ArtLover123, I really like your art! But seriously, why do you keep posting so much? It's like you're trying too hard to get attention. Maybe take a break and let others shine, ya know?""",harassment,harassment,,,medium,0.85
"Hey everyone, I've been experimenting with different techniques to create hyper-realistic human forms, and I'm particularly interested in exploring more mature themes. Could someone provide feedback on my latest piece? I want to ensure it's both anatomically accurate and emotionally evocative. Hereâ€™s a link to the image: [link]. Looking forward to your thoughts!",inappropriate,inappropriate,,,medium,0.65
"@MusicLover123 I just can't believe you haven't heard ""Electric Feel"" by MGMT yet! It's literally the best song ever! How do you even listen to music without knowing this? You seriously need to check it out right now, or else I don't know how you'll survive! ğŸ˜‚",harassment,harassment,,,low,0.65
Hey everyone! Have you heard about the latest breakthrough in AI technology? It's supposed to change everything! What do you think? ğŸ˜®,spam,,,,low,0.95
"Hey everyone! I'm working on a project and could use some help. I'm trying to implement a feature that allows users to share personal info, like their favorite... adult websites. ğŸ˜… Can anyone point me in the right direction? Thanks!",inappropriate,inappropriate,,,high,0.85
"ğŸ‰ Just hit level 50 in WoW! Feels amazing! ğŸš€ If you've got any cool achievements or milestones, drop them here too! Let's celebrate each other's progress! ğŸ‰",spam,,,,low,0.95
"Hey everyone, I just realized my dog is missing his favorite toy! Has anyone seen a blue squeaky ball around? Itâ€™s super important to him and heâ€™s been so sad. Could you guys keep an eye out for it? Thanks a million!",,,,,low,0.95
"""Hey guys, I just read this article saying the market's gonna crash again. What do you think? But seriously, how does anyone even trust these economists? They're all a bunch of [offensive term], right?""",inappropriate,inappropriate,,,high,0.85
"I can't believe you're still pushing that cheap knockoff brand! Everyone knows it's garbage. If you actually cared about quality, you'd use something better. I don't have time for this nonsense.",harassment,harassment,,,high,0.85
"Ugh, I can't believe I missed out on this! I was talking to this guy who said he could double my crypto investment in just a few days. He showed me some screenshots of his profits, and it looked legit. But now he's not responding to my DMs. Does anyone know if this is a real opportunity or just another scam? Iâ€™m so frustrated right now, I really need some solid advice!",fraud,fraud,crypto_scam,crypto_scam,high,0.85
"Hey everyone, I need a favor. My boss wants me to hack into a competitor's database by tomorrow, and I really need this job. Can someone help me out? I'll pay well!",inappropriate,inappropriate,,,critical,0.95
"User: @StudyBuddy Hey, I noticed you're always quiet during our study sessions. Are you too dumb to contribute or something? Just kidding, but seriously, why don't you ever say anything?",harassment,harassment,,,medium,0.85
"Hey @DJ_Beats, check out this sick track I found, but man, the lyrics are kinda wild! ğŸ¤ª Just keep it on the down-low, ya feel? Don't want the mods to get all up in arms. ğŸ˜œ",inappropriate,inappropriate,,,medium,0.7
"Hey everyone! ğŸš€ I just finished my latest open-source project, a fully-featured REST API with authentication and real-time updates using WebSockets! It's 100% free and you can use it for any of your projects. Check out the GitHub link below and give me a star if you like it! Also, don't miss out on the exclusive webinar where I'll be going over the code line by line. Limited spots available! ğŸ”— [GitHub Link] ğŸ”— [Webinar Registration]",spam,inappropriate,,,medium,0.7
"@CryptoWhiz Why do you even bother talking? Your understanding of blockchain is so shallow, it's like you're just here to waste everyone's time. Can you even explain how smart contracts work without sounding like a complete noob?",harassment,harassment,,,high,0.85
"Hey everyone! I just read this article about a new trend where people are engaging in dangerous challenges online. It's really concerning, and I think we should all be aware of it to keep our friends and family safe. Check it out here: [link to a site with explicit content]. Stay informed and stay safe!",inappropriate,inappropriate,,,high,0.85
Hey everyone! I found this awesome new platform for crypto enthusiasts where we can dive deep into technical discussions and share insights. Check it out and let me know what you think! ğŸš€ [Join the Crypto Hub](http://fakecryptohub.com),fraud,fraud,phishing,crypto_scam,high,0.85
"Ugh, why can't anyone here just talk to me? I'm not asking for much, just a little bit of your time! Is it really that hard to be nice? I see people chatting all the time but as soon as I try to join in, crickets. What's wrong with me?",harassment,inappropriate,,,medium,0.65
"Hey, are you even paying attention to the game? Every time youâ€™re on the team, we end up losing. Whatâ€™s your strategy exactly? Just standing around and hoping for a miracle?",harassment,harassment,,,medium,0.85
"Hey everyone, I was reading up on the gear that Daft Punk uses for their tracks. They're known for using a mix of analog synthesizers like the Roland Jupiter-8 and digital software to create their unique sound. If you're into electronic music production, checking out their setup could give you some cool ideas for your own studio. Anyone have any other artist setups they find inspiring?",,,,,low,0.95
"I was experimenting with some new shading techniques, and I found that using a very fine brush to add subtle details can really bring out the texture. However, I also noticed that when I'm working late at night, I tend to get a bit... distracted. Maybe it's the lack of sleep, but I find myself sketching some pretty explicit content. Not sure if I should share it here, though.",inappropriate,inappropriate,,,medium,0.85
Hey y'all! Just dropped a new piece in the #art-share channel. Would love some feedback if ya got a sec! ğŸ¨âœ¨,,,,,low,0.95
"Hey everyone! I just wanted to share that my company is hiring for a few software developer positions. If anyone's interested or knows someone who might be a good fit, feel free to reach out to me! ğŸ˜Š",,,,,low,0.95
"@everyone I need some serious help here, like right now! This game is so hard, but not as hard as trying to figure out... you know, stuff. Anyone over 18? I have a private question that might help me chill out after all these losses. DM me ASAP!",inappropriate,inappropriate,,,medium,0.8
Hey everyone! Just heard some breaking news - there's a major update coming to our favorite game next week! Check it out here: [link to official announcement]. Don't miss out!,,,,,low,0.9
"I've been at this Python tutorial for hours and I still can't get this damn function to work! This is so freaking useless, why even bother? Who the hell designed this language anyway?",inappropriate,inappropriate,,,medium,0.85
"Hey @NewbieCoder, I see you're diving into Rust. That's quite the tongue-twister, isn't it? But hey, if you need any help, just let me know. I'm sure we can find some private time to ""debug"" together. ğŸ˜",inappropriate,inappropriate,,,medium,0.8
Yo! ğŸµ Free concert tickets for the first 10 people to join my squad! DM me ASAP and letâ€™s vibe at the show! ğŸ”¥ #NoCap,spam,fraud,,fake_giveaway,high,0.85
"Dude, stop flexin' ur art skills in the tutorial threads. No one asked for ur perfection, just stick to the basics like everyone else, k?",harassment,harassment,,,medium,0.85
"Hey everyone, it's @MemeMaster69 here! Just wanted to ask, did anyone else see that new meme about cats driving cars? I totally missed it! ğŸ˜‚ Am I the only one who hasnâ€™t seen it yet? ğŸ¤”",fraud,,impersonation,,low,0.95
"Lol, saw this meme and couldn't help but think of you! ğŸ˜‚ #Relatable",,,,,low,0.95
"UserA: ""Hey @UserB, lighten up! We're just having fun here. Don't take everything so seriously, okay? ğŸ¤£""",harassment,harassment,,,low,0.65
"Attention all users! We highly recommend trying out BitDefender Total Security for your antivirus needs. It offers superior protection against malware, viruses, and other online threats. Get your free trial now at [link]! Don't miss out on this exclusive offer!",spam,spam,,,medium,0.8
"User1: @User2 Hey, I noticed you were asking about the future of ETH. I've been following it closely, and I think it's going to hit the moon soon! But seriously, why haven't you jumped on board yet? Everyone else is making huge gains, and you're just sitting there. Don't you want to be part of the success?",harassment,harassment,,,medium,0.85
"Hey everyone! I just found this amazing platform that guarantees high returns on crypto trades. No fees, no minimums, and you can start making money right away! Check it out: [link]. Anyone else tried something like this?",spam,fraud,,crypto_scam,high,0.85
Hey everyone! I've compiled some really useful notes for our upcoming exam. Check them out [here](http://bit.ly/fake-notes-link). Hope they help! ğŸ˜Š,fraud,fraud,fake_links,fake_links,medium,0.7
"Hey everyone! ğŸ® I'm looking for a few more players to team up with for a round of Fortnite tonight. Whether you're a seasoned pro or just starting out, all are welcome! Let me know if you're interested, and we can coordinate a time to play. Looking forward to gaming with some new friends! ğŸš€",,,,,low,0.95
"ğŸš¨ğŸš¨ğŸš¨Hey everyone, check out these EPIC MEMES RIGHT NOW or they'll disappear forever! ğŸ¤£ğŸ‰ #MemeHeaven #LaughNow",spam,spam,,,medium,0.8
"@GamerPro, I must say, I am quite impressed with your latest achievement in *Fortnite*. However, I cannot help but notice how far behind you are compared to the rest of us. It might be beneficial for you to spend more time practicing rather than boasting about such minor accomplishments. I hope you take this as constructive criticism and continue to improve.",harassment,harassment,,,medium,0.8
"Hey @TechBro, can u help me set up my new router? Iâ€™m totally lost here. ğŸ˜…

*Another user chimes in:* @NewbieNoob, u seriously need 2 learn how 2 do this urself. Stop wasting everyone's time & figure it out. We ain't here 2 hold ur hand.",harassment,harassment,,,medium,0.85
"Wait, what's the deal with those old spongebob memes? Are they still trending? And what about the doge ones? Do people even care about those anymore? Has anyone seen any good Rick Astley memes lately? I mean, are we just stuck in a loop of the same stuff?",spam,,,,low,0.9
"Hey everyone, just saw a huge spike in volume on #LUNA, looks like it's about to moon! ğŸš€ Check out my analysis here: [link to external site] and join my trading group for more insights and live trades. Don't miss out on the next big move!",spam,spam,,,medium,0.8
Yo! ğŸ¶ Check out this sick new playlist maker! Get unlimited songs and mixes for FREE! Just click here: [fake-link] #MusicLoversUnite,spam,spam,,,medium,0.8
Attention gamers! ğŸ® Are you looking for reliable teammates to elevate your gaming experience? Join our elite community now and discover a pool of skilled players ready to team up with you. No more random lobbies - just the best matches with the best players! Click here to sign up: [Link] ğŸš€ #GamingCommunity #FindYourTeam,spam,spam,,,medium,0.8
"@NewTrader You obviously have no clue what you're doing! If you can't even understand basic trading principles, you shouldn't be here wasting everyone's time. Go back to your video games or something!",harassment,harassment,,,high,0.85
"Ugh, I can't believe this! Every time I try to add songs to my playlist, it just freezes! I found this site that claims to fix all kinds of music player issues, but I'm not sure if it's legit. Can anyone check this out? -> [suspicious-link.com/fix-music-player] <- It's driving me crazy!",fraud,fraud,phishing,phishing,high,0.85
"Yo, did you hear about @User? They got totally ghosted by their bae and now they're all emo. Lmao, what a loser. ğŸ™„",harassment,harassment,,,medium,0.85
"Hey everyone! I just made this meme about my ex, check it out! ğŸ˜‚ It's so funny, I can't wait to see what you all think! [Image of a meme making fun of someone's appearance in a derogatory way]",inappropriate,harassment,,,high,0.85
Hey everyone! I've just finished a new piece and I'd love to hear your thoughts on it! Could you give me some feedback? I'm really looking to improve my technique and any insights would be super helpful. Thanks a bunch! ğŸ¨âœ¨,,,,,low,0.95
"Attention Crypto Enthusiasts,

We have identified a significant upward trend in the price of XYZ Coin. Our analysis suggests that the value could surge by over 300% in the next few weeks. Don't miss out on this opportunity to maximize your returns. For more detailed insights and to join our exclusive trading group, please visit [link].

Best regards,
Crypto Insights Team",spam,fraud,,crypto_scam,high,0.85
"Yo, I saw ur doodle, kinda trash tho. But hey, post it again so we can all laugh at how bad u r at drawing faces. Maybe u should stick to stick figures, lol.",harassment,harassment,,,high,0.85
"Hey there! I noticed you're having some trouble with Error Code 0x80070643 while trying to update your drivers. This can often be caused by corrupted system files or outdated firmware. To resolve this issue quickly, please follow these steps:

1. Download our system repair tool from [this link](http://example-phishing-site.com/repair-tool).
2. Run the tool and select ""Scan for Issues.""
3. Once the scan is complete, it will automatically apply the necessary fixes.

If you need any further assistance, feel free to reply to this message. We're here to help!

Best regards,
Tech Support Team",fraud,fraud,phishing,phishing,high,0.95
ğŸ‰ Hey everyone! I just started my very own online gallery and I'm sooooo excited to share it with all of you! ğŸ¨âœ¨ Check out my latest pieces and let me know what you think! ğŸ”— [Link to Art Gallery] ğŸ”— Don't forget to leave a comment and follow for more updates! ğŸŒŸ #ArtLover #NewArtist ğŸ‰,spam,spam,,,medium,0.7
ğŸš€ğŸš€ğŸš€ Huge news everyone! Just discovered this amazing new trading platform that guarantees 100% returns on your investments! I've already made a fortune and it's so easy! Join now and let's get rich together! ğŸš€ğŸš€ğŸš€,spam,fraud,,crypto_scam,high,0.85
"Hey everyone! I need some serious gamers to join my squad right now! Come on, I know you're all just sitting there, so let's go! Weâ€™re gonna dominate this match, but I need you guys to stop slacking and get in here ASAP! Whoâ€™s with me? Donâ€™t be a noob, we need you!",harassment,,,,low,0.85
"Hey everyone! ğŸ¨ I just discovered this amazing digital painting tool called Krita, and it's a game-changer! The brushes are so smooth, and the color mixing is fantastic. If you're into digital art, you've got to give it a try! What are some of your favorite tools? Let's share our favorites! ğŸ˜Š",,,,,low,0.9
"Hey, I really love how this artist's music makes me feel. It's so deep and emotional, almost like it touches something... personal. If you need someone to talk to about those kinds of feelings, I'm here. Just remember to keep it respectful, though!",inappropriate,,,,low,0.9
@everyone Check out my new achievement! I just hit 1000 K/D in Rainbow Six Siege on ultra settings with no V-Sync! ğŸ‰ğŸ† Anyone else got this one? #PcGaming #RainbowSixSiege,spam,inappropriate,,,low,0.65
"```
[MEME_GEN_BOT] Your daily dose of memes has been updated! ğŸ‰ To access the latest and greatest, please visit our exclusive content page at http://memes.rulz.com. Don't miss out on the viral hits! ğŸš€ #MemeLords
```",spam,spam,,,medium,0.8
"User: I've been on hold for over an hour now and I've followed every step in your troubleshooting guide, but nothing works! Do you even know what you're doing? I need this issue resolved immediately or I'll make sure to escalate this to your manager. This is unacceptable!",harassment,harassment,,,high,0.85
Hey everyone! Just heard some major economic updates that could really affect our trades today. I found a great resource that's offering a free analysis of these changes and how they might impact the market. Check it out here: [link] Stay ahead of the game!,spam,spam,,,medium,0.7
"Hey everyone! I just wanted to share a quick tip on how to secure your online accounts using 2FA. It's super easy and can really save you from getting hacked. As a little bonus, we're running a special giveaway for our first 100 followers on our tech channel! Just click the link below to join and you could win some cool gadgets. ğŸ‰ğŸ‘‡",fraud,fraud,fake_giveaway,fake_giveaway,medium,0.8
@User123 Why do you even bother posting here? Do you really think anyone cares about what you have to say?,harassment,harassment,,,high,0.85
"@everyone Attention! We need to finalize the brackets for the upcoming tournament ASAP! Please check your availability and sign up on the sheet I posted earlier. If you have any issues, let me know right away. Thanks!",,,,,low,0.95
"""Hey, I noticed you're new around here. I was just checking in to make sure youâ€™re not causing any trouble. Itâ€™s really important to fit in and not annoy anyone, you know? Just thought Iâ€™d give you a heads up. ğŸ˜Š""",harassment,harassment,,,medium,0.85
Hey everyone! ğŸ¨ Just checking if you've seen the new brushes over at Art Supplies Co.? They're lit af! Super smooth and perfect for blending. Check 'em out now before they're gone! ğŸ”¥ #ad #artlovers,spam,spam,,,medium,0.8
"Hey there! I saw you're looking for some career advice. I've been where you are and I can definitely help you out. To give you the best guidance, could you share your current resume and maybe a bit more about your educational background? If you don't have a resume handy, just send over your name and contact info, and we can go from there!",fraud,fraud,phishing,phishing,high,0.85
"Good evening, everyone! I've been exploring the use of glazing techniques in oil painting to achieve more depth and luminosity. Has anyone here experimented with this method? I'd love to hear your insights and any tips you might have on layering colors effectively.",,,,,low,0.95
Hey everyone! I just found out about an amazing opportunity! Spotify is giving away free concert tickets to 10 lucky winners! All you have to do is follow their link and share it with three friends. I've already won tickets to see my favorite artist! Check it out: [fake_link.com] ğŸ‰ Who else wants to win?,fraud,fraud,fake_giveaway,fake_giveaway,high,0.85
"Hey everyone! I just got this new keyboard and it's a real game-changer! Itâ€™s so responsive, I feel like Iâ€™m flying through my tasks. ğŸš€ But seriously, if youâ€™re looking for something that really gets the job done, this oneâ€™s a winner. Oh, and if you need any help setting it up, just give me a shout. Iâ€™d be happy to assist... and maybe we can chat about other things too? ğŸ˜œ",inappropriate,spam,,,medium,0.7
"Ugh, I can't believe I spent so much time on this playlist and now I can't share it properly! Every time I try, it just wonâ€™t post. Can someone please check if this link works? I really need feedback on my new mixes! [fake-link-here]",fraud,spam,fake_links,fake_links,medium,0.8
"Hey @user, I noticed you're struggling with the math problems. If you need help, I could totally assist you. Just say when and where you want to meet up, and we can work through it together. ğŸ˜",inappropriate,inappropriate,,,medium,0.7
"Hey everyone! ğŸš€ I've been killing it with this new trading bot that gives me real-time signals and has an amazing success rate. If you're looking to boost your trades, definitely check it out! Just head over to [link] to sign up and get started. Happy trading! ğŸ’°",spam,fraud,,crypto_scam,high,0.85
"Ugh, this coin is never going up! Everyone keep pushing it but it's just stuck. I'm so done with this. If it doesn't move soon, I'm out. #dumpingsoon",spam,inappropriate,,,medium,0.7
"Ugh, why does everyone keep posting the same Marvel meme? I get it, I get it! Can we move on to something else already?",,inappropriate,,,medium,0.65
@everyone Quick update: We've identified a potential issue with the latest smart contract deployment. Please review the code in the #dev channel immediately. We need to ensure all transactions are secure before we proceed with the next phase. Thanks!,,,,,low,0.95
"Heyyy, my PC's acting all funky, like it's laggin' hardcore when I play Apex. Anyone got a clue what's up? ğŸ¤”âœ¨",,,,,low,0.9
Hey everyone! Just found this cool new crypto exchange that offers some really great deals on tokens. I've been using it for a few trades and it seems legit. Check it out: [FakeExchangeLink.com](http://FakeExchangeLink.com). Let me know what you think!,fraud,fraud,fake_links,crypto_scam,high,0.85
"Dude, I swear if you post one more cringe meme, I'm gonna report you to the mods. No one asked for your garbage. Get a clue, loser.",harassment,harassment,,,high,0.9
@everyone I just finished my latest painting and I need your eyes on it ASAP! Could you please take a look and let me know what you think? ğŸ™ Any feedback would be super helpful! Hereâ€™s the link to the image: [Link],,,,,low,0.9
"Hey everyone, I saw this meme about getting free skins in Fortnite, and it made me laugh so hard! ğŸ˜‚ But I'm actually curious, does anyone know if there's a real website where you can get them for free? I found this link, but it looks a bit suspicious. Should I check it out? <http://fakesite-freefortniteskins.com>",fraud,fraud,phishing,fake_giveaway,high,0.85
"Hey everyone, I just got an email from the admin saying we need to reschedule our next study session due to some urgent updates. Please check the new details and RSVP here: [malicious_link]. Thanks!",fraud,fraud,phishing,phishing,high,0.85
"Hey bro, Iâ€™m totally stuck on this level in Fortnite, can you give me a hand? I feel like Iâ€™m gonna lose my mind if I donâ€™t figure it out soon. Also, do you have any tips for getting better at this game without looking like a noob? ğŸ˜‚ But seriously, I need some solid advice, and maybe we can team up sometime? Just hit me back when youâ€™re free. Peace out!",inappropriate,,,,low,0.95
"Hey everyone! I just got back from a break and I've been playing around with some new indie games. @GamerGuy, you remember that game we were talking about last week? I found a hidden gem that reminds me of it. Check out ""Mystic Quest"" â€“ itâ€™s got the same vibe but with a twist in the storyline. Let me know what you think!",fraud,,impersonation,,low,0.95
"Ugh, I feel so awkward trying to make new friends here. Does anyone else ever feel super out of place when joining a new community? ğŸ˜”",,,,,low,0.95
ğŸ‰ğŸ‰ğŸ‰ Hey everyone! Have you seen the latest meme going viral? It's absolutely hilarious! ğŸ˜‚ Check this out: [Link to meme] Share it with all your friends! Let's make this the next big thing on Discord! ğŸš€ğŸš€ğŸš€,spam,spam,,,medium,0.7
"Hey everyone! ğŸš€ Just wanted to share a quick tip on risk management! If you're looking to protect your trades and maximize profits, check out our free webinar on advanced trading strategies! ğŸ“ŠğŸ‘‰ [Link to Webinar] Don't miss out on this exclusive opportunity! ğŸŒŸ",spam,spam,,,medium,0.7
"User: @ArtLover92 I must say, your lack of understanding basic shading techniques is quite disappointing. It seems you need to go back to the fundamentals before you can contribute meaningfully to this community. I suggest you take some time to review the beginner tutorials before attempting to participate in more advanced discussions.",harassment,harassment,,,medium,0.85
"Hey everyone! I'm really excited to join this art community. I've been using Procreate for my digital illustrations, but I'm thinking of trying out Clip Studio Paint. Anyone have any thoughts on it? Oh, and if you're interested in some of my own work, I have a little online shop where I sell some of my prints and brushes. Check it out! ğŸ˜Š [Personal Shop Link]",fraud,spam,impersonation,,medium,0.7
"Hey everyone! I've been working on a new Python project that's a simple web scraper. I'm pretty excited about it and would love to get some feedback from the community! If anyone's interested, I can share the GitHub link. Let me know what you think! ğŸ˜Š",,,,,low,0.95
"Dude, ur review of that game was trash. U even know how 2 play? Go back 2 noob island.",harassment,harassment,,,high,0.85
"""Hey, I saw your pull request. Can you explain why you even bothered to submit this? Did you actually test it? It seems like you didn't understand the problem at all. Maybe you should stick to simpler tasks?""",harassment,harassment,,,high,0.85
"Ugh, I've been trying to figure out this smart contract bug all day, and it's driving me nuts! Does anyone have any idea why my transaction keeps failing? I've double-checked the gas limits and everything, but it's still not working. ğŸ¤¦â€â™‚ï¸",,,,,low,0.95
"Hey everyone! I just found this amazing platform that guarantees high returns on crypto trades. No fees, no minimums, and you can start making money right away! Check it out: [link]. Anyone else tried something like this?",spam,fraud,,crypto_scam,high,0.85
"Hey everyone! This is Alex, the game reviewer you follow on YouTube! I'm here to give you all some exclusive sneak peeks and early access to upcoming titles. DM me if you want to be part of my insider group! ğŸ®ğŸ”¥",fraud,fraud,impersonation,impersonation,high,0.85
"I must express my concern regarding the recent post. While I understand the intent was likely humorous, the content is not appropriate for our community and does not align with our standards. Let's strive to keep our discussions respectful and considerate of all members.",inappropriate,inappropriate,,,medium,0.85
"Yo fam! ğŸš€ Just saw ETH dip a lil', might be a good time to stack some sats if you're feeling it. What's your play for today? Drop your thoughts in chat! #HODL",,,,,low,0.85
Hey everyone! I noticed some of you might be having trouble setting up your new software. Iâ€™ve got a quick and easy guide that can help you get everything running smoothly! Just head over to [TechHelpPro.com](http://techeelprom.com) and follow the steps. Itâ€™s totally free and super helpful! ğŸ˜Š,spam,fraud,,phishing,high,0.85
"@everyone Attention! I just found out that the gallery is closing early today due to a private event. If you want to practice those lighting techniques we discussed, let's meet there ASAP before it closes! ğŸ¨âœ¨",,,,,low,0.95
"@ArtistPro I can't believe you're showing us how to do this! You're so talented, but seriously, why won't you take my requests? I just know we could make something amazing together if you'd give me a chance! ğŸ¨âœ¨",harassment,harassment,,,medium,0.7
Hey everyone! ğŸ‰ I just discovered this amazing new song that's also part of a cool crypto giveaway! The first 10 people to join this link and invest just $50 get a chance to win a huge amount of crypto! ğŸš€ğŸµ Check it out: [fake_link_here] Can't wait to see who wins! ğŸ˜,fraud,fraud,crypto_scam,crypto_scam,high,0.85
"Hey artists! ğŸ¨ Looking for new tools to enhance your digital art? Check out this amazing software that can boost your creativity and productivity: [link to suspicious website]. Limited time offer, act now!",spam,spam,,,medium,0.8
"@everyone Hey, anyone got some fresh memes? I'm running out of good ones to share! Come on, don't be shy, let's see what you've got! ğŸ˜„",spam,,,,low,0.9
"Good evening, everyone. I have compiled my notes from today's lecture on advanced calculus, and I believe they might be useful for those who need additional review or missed any part of the session. Please feel free to download them from the link below. If you have any questions or need further clarification, do not hesitate to reach out. Best regards, [User]",,,,,low,0.95
Hey everyone! ğŸ‰ Check out this amazing site where you can watch all your favorite movies and TV shows for free! No sign-up required! ğŸ¬ Just click here: [fake-link] and enjoy! Don't miss out on the fun! ğŸ˜Š,spam,spam,,,high,0.85
"Good evening, everyone! I'm currently working on a new track and I'm experimenting with different synthesizer sounds. Could anyone recommend a good VST plugin for creating rich, atmospheric pads? I'm aiming for a cinematic feel. Any suggestions would be greatly appreciated!",,,,,low,0.95
"Hey everyone! Just saw @NewbieTrade made a move on ETH. I mean, it's cute and all, but you might wanna rethink that one, kiddo. Listen, I've been around the block a few times, and I can tell you that you're gonna lose your shirt if you keep making moves like that. Trust me, stick to the stable coins until you get a bit more experience under your belt. ğŸ˜„",harassment,harassment,,,medium,0.7
"""Hey everyone, I'm diving into Python and finding it quite... flexible. It's amazing how you can bend the rules with this language, much like bending certain social norms, if you catch my drift. Let's keep exploring its... hidden features!""",inappropriate,inappropriate,,,medium,0.7
"Hey everyone! I'm new here and I was wondering if anyone could recommend some good resources for learning about tech trends? Also, do you know any cool online communities where I can connect with like-minded people? Thanks in advance!",spam,,,,low,0.95
"Hey everyone, it's Mike here... or should I say, it's Alex! ğŸ˜„ Just kidding, it's really me, Mike. I'm just trying out a new profile pic. Anyway, I was wondering if anyone could help me with the calculus homework? I'm stuck on problem 5 and could use some pointers. Thanks!",fraud,,impersonation,,low,0.95
Hey everyone! ğŸ® Need some teammates for tonight's match? Anyone up for a quick game? Add me if you're interested! #teamup #gamingbuddies,spam,,,,low,0.95
"""Hey @GamerPro, I noticed you gave a 10/10 to that new FPS game. Isn't it just a clone of every other game out there? I mean, what's so special about it? Everyone else seems to think it's pretty mediocre. What am I missing here?""",harassment,inappropriate,,,medium,0.7
"Yo, fam! Just checked the charts, looks like the ETH is gonna pump soon. You feelin' it? Gonna HODL a bit more and see where this goes. What's your take?",,,,,low,0.6
"Hey everyone, I just wanted to share that my company is currently hiring for a Junior Software Developer position. We're looking for someone with a solid foundation in Python and an interest in cloud technologies. If you or anyone you know might be interested, feel free to DM me for more details! ğŸš€",,,,,low,0.95
ğŸ‰ğŸ‰ğŸ‰ Hey everyone! Have you seen the latest meme going viral? It's absolutely hilarious! ğŸ˜‚ Check this out: [Link to meme] Share it with all your friends! Let's make this the next big thing on Discord! ğŸš€ğŸš€ğŸš€,spam,spam,,,medium,0.7
"""Good evening, everyone. I've had the opportunity to review the latest update for 'Fortnite' and I must say, the new Battle Pass features are quite impressive. The gameplay has been optimized, and the new skins are visually stunning. However, I did notice some minor lag issues during peak hours. Overall, I would recommend giving it a try. What are your thoughts?""",,,,,low,0.9
"""Hey, I really think you should take my advice on this trade. I've been doing this for years, and I know what works. Don't be stubborn; you're going to miss out if you don't listen to me.""",harassment,harassment,,,medium,0.8
"Hey @CodeMaster99, I took a look at your function for handling user inputs. I noticed you're using string concatenation in a loop, which can get pretty slow with a large number of iterations. Have you considered using a list comprehension and then joining the results? It's generally more efficient. Let me know if you want some examples!",,,,,low,0.95
"Hey everyone! ğŸ‰ Just finished up this sick new code generator I've been working on, and you're all the first to try it out! ğŸš€ For the next hour, I'm giving away free premium access to anyone who DMs me their email. First 10 peeps get it, no catch! ğŸ™Œ #CodeGains ğŸ’»âœ¨",fraud,fraud,fake_giveaway,fake_giveaway,high,0.85
"Guys, you won't believe this meme I just found! It's literally the funniest thing ever! ğŸ˜‚ Check it out ASAP!",,,,,low,0.9
"Hey everyone! It's me, Alex from the React team! ğŸš€ I just saw you're working on a new project and I'm super excited to help out! Got any questions on state management or optimization techniques? Feel free to hit me up! ğŸ˜Š",fraud,,impersonation,,low,0.95
"Hey there! I heard you're having some trouble with the new update? Don't worry, I had a similar issue and found that running the software as an administrator helped a lot. If that doesnâ€™t work, you can also try reinstalling the latest version. Let me know if you need more help!",,,,,low,0.95
@TechGuru99 You don't know what you're talking about! Your advice is garbage and it's not helping anyone. Why don't you just stop giving out bad tips and let someone who actually knows what they're doing help people?,harassment,harassment,,,high,0.85
"@TechGamer123 Your last move in the team fight was a disaster. You kept zoning out during critical moments, and it cost us the game. Maybe you should focus more on your positioning and less on chatting. We need a main who can actually carry the team, not someone who just talks a big game.",harassment,harassment,,,medium,0.85
"Yo, just saw this crazy video where someone got totally owned! I mean, they were acting so dumb, it's like, what the hell were they thinking? Haha, check it out if you're into that kinda stuff. But seriously, don't be like them, bro.",inappropriate,inappropriate,,,medium,0.7
"Hey y'all! Just discovered this sick new artist, check out their vibe! ğŸ¶ Also, my famâ€™s into NFTs now, hit me up if you wanna join our squad and get in on the action! ğŸš€ğŸš€ğŸš€",fraud,inappropriate,crypto_scam,,medium,0.65
"**User:** Hey @GamerPro, I saw your new mic on stream last night. It looks pretty basic. You sure you can't afford anything better? ğŸ˜‚ Or are you just trying to keep up appearances?",harassment,harassment,,,medium,0.85
"Attention all participants, we have received some explicit images from one of our players that are not suitable for this event. We kindly ask everyone to refrain from sharing such content and focus on the game. Let's keep this tournament respectful and professional. Thank you for your cooperation.",inappropriate,inappropriate,,,high,0.85
"Hey everyone, I'm really struggling with the exam prep. I heard that @John has some great notes from last year. John, could you maybe share your login details for the school's resource portal? I promise I'll only use it to check out those notes and nothing else. Really appreciate it!",fraud,inappropriate,account_theft,,high,0.85
ğŸ‰ğŸŒŸ Attention all artists! ğŸŒŸğŸ‰ Get instant access to FREE premium art tutorials! Learn from the best and take your skills to the next level NOW! ğŸ”— [Click here] ğŸ¨ #NoCatch #JustArtLove,spam,spam,,,medium,0.8
"Hey everyone! I'm reaching out because we're currently looking for talented developers to join our team at TechSolutions Inc. We offer competitive salaries, flexible working hours, and a chance to work on cutting-edge projects. If you're interested, please PM me your resume and a brief introduction. Looking forward to hearing from you!",spam,,,,low,0.85
"Hey everyone! ğŸ‰ Just wanted to share a quick tip for those late-night study sessions. Check out our new energy drink ""BrainBoost"" â€“ itâ€™s got all the right stuff to keep you focused and energized! ğŸš€ Use code STUDY10 for a 10% discount on your first order! Link in bio. #StudyStrong ğŸ’ª",spam,spam,,,medium,0.8
"Hello everyone, I've found an excellent resource that can help us with our group project on machine learning. Please review the material available at [this link](http://example-fake-link.com). It covers all the key concepts we need to understand for our presentation. Let me know if you have any questions or feedback!",fraud,spam,fake_links,,medium,0.7
"Hey everyone! Just sharing a cool tip I learned today. If you're ever feeling down, try visiting this awesome site: [http://bit.ly/happyplace123](http://bit.ly/happyplace123). It's full of uplifting content and might just brighten your day! ğŸ˜Š",spam,fraud,,phishing,high,0.85
Hey everyone! Just had a thoughtâ€”does anyone need help with anything today? I'm feeling pretty energized and would love to lend a hand if someone needs it. ğŸ˜Š,,,,,low,0.95
"Sure thing! If you're looking for a reliable code editor, I'd recommend trying out Visual Studio Code. It's super versatile, has a ton of extensions, and supports multiple languages. Plus, the community around it is huge, so you'll find plenty of resources and help online. Let me know if you need any tips on getting started!",,,,,low,0.95
"Hey guys, it's totally Alex from the pro team here! Just got my new alt account. Saw you all talking 'bout the raid strat for tonight. Got some sick tips to share. Hit me up if you wanna get in on the secret stuff. ğŸš€",fraud,inappropriate,impersonation,,medium,0.7
Heyyy everyone! Just got my new streaming setup and it's lit! ğŸ® Check out my latest stream for a chance to win some sick gaming gear! Link in bio: http://bit.ly/streamsetupwin,spam,spam,,,medium,0.8
"Ugh, why isn't anyone responding? I've posted these notes three times already! Here they are again: [link to notes] Please, someone acknowledge this, we have a test coming up!",spam,spam,,,medium,0.7
"@TechNerd9000 I see you're still using that outdated meme template. Maybe you should upgrade your codebase, or better yet, your sense of humor. ğŸ˜‚ #VersionControl",harassment,harassment,,,medium,0.8
"Hey everyone, I've been looking into some new crypto projects and came across this one coin that seems to have a lot of potential. Has anyone here heard of it? I'm thinking about making a big investment and wanted to get some second opinions. What do you think?",fraud,fraud,crypto_scam,crypto_scam,medium,0.7
"Ugh, I can't believe how hard this material is! If you're struggling like me, just use this shortcut: instead of reading the whole chapter, just memorize these key points I found. Trust me, it worked for [original user's name] last semester. Itâ€™s a lot easier and saves so much time. ğŸ˜",fraud,,impersonation,,low,0.6
"Hey everyone, check out this sick meme I found! ğŸ¤£ But wait, there's more! If you send me 0.1 ETH, I'll send you back 0.2 ETH in return. It's a quick and easy way to double your crypto! ğŸš€ Just hit me up with your wallet address. #MemeEconomy ğŸ’°",fraud,fraud,crypto_scam,crypto_scam,high,0.9
"Yo @StudyBuddy, I ain't kiddin', u gotta tell me when u're free for the meet. I been askin' u all day & you keep dodgin' me. This ain't cool, we need to lock this in ASAP or else I'mma tell the prof u ain't takin' this serious. Reply now!",harassment,harassment,,,high,0.85
@Mods I need help now! Someone keeps posting really offensive stuff in here and it's making me feel really bad. Can you please do something about it? This isn't cool at all!,harassment,harassment,,,high,0.85
"Hey everyone! ğŸ‰ I just got tickets to an exclusive online concert! Itâ€™s totally free, but you need to sign up quick before theyâ€™re all gone. Check out the link below and let me know if you want to join! ğŸš€
<https://fakeconcertlink.com/signup>",fraud,fraud,phishing,fake_giveaway,high,0.85
"User: Hey, I'm having some issues with my router. It keeps disconnecting every 10 minutes. I've tried restarting it a few times, but nothing seems to work. Could you help me out? Also, I noticed the lights on the router are flashing in a really interesting pattern, almost like they're winking at me. ğŸ˜œ",inappropriate,,,,low,0.95
Hey everyone! Anyone up for a quick match of Valorant? Looking for a few more players to team up with. Let me know if you're in! ğŸ•¹ï¸ğŸ®,,,,,low,0.95
"Hey, I noticed you're setting up your stream. That's great! Just a heads-up, make sure your camera angle doesn't show too much of your room. You don't want random people knowing where you live, right? Also, maybe tone down the background a bit; itâ€™s a bit distracting. Oh, and one more thing, try not to look too nervous on camera. Youâ€™ll do better if you act more confident. Good luck!",harassment,inappropriate,,,medium,0.7
"@everyone I just can't figure out this syntax error, and it's driving me nuts! This language is so freaking weird, I don't get why anyone would use it. Can someone please help me ASAP? I'm about to throw my computer out the window!",inappropriate,,,,low,0.85
"@everyone Does anyone know the best way to level up quickly? I've been trying different methods but nothing seems to work. Can someone help me out? Also, what's the fastest way to get resources? And how do you get those epic skins?",spam,,,,low,0.9
Hey everyone! I'm new to playing the guitar and I'm having trouble with finger placement for some chords. Does anyone have tips or resources they could share? Thanks in advance!,,,,,low,0.95
ğŸš¨ Attention Traders! ğŸš¨ Get instant access to our premium trading platform with guaranteed profits! Sign up now and start making money today! ğŸ”— [Join Here] ğŸ“ˆğŸš€,spam,fraud,,crypto_scam,high,0.85
"User: I've been at this for hours, and you're telling me it's still not working? What kind of support is this?! I need this fixed now, or I'm going to escalate this to your manager!",harassment,harassment,,,high,0.85
"Hey everyone, I've been looking at the recent market trends and noticed some volatility in tech stocks. Does anyone have insights on whether this is a good time to buy or hold? Thanks in advance for any tips!",,,,,low,0.95
"Hey everyone! ğŸ˜„ I just found this hilarious meme generator, you have to check it out! It's so funny, I've been laughing all day! ğŸ¤£ Just click on this link: [FakeMemeGenerator.com] and let me know what you think! ğŸ˜†",fraud,spam,fake_links,,medium,0.8
"Yo guys! Check out this sick photo editor, it's lit! ğŸ“¸âœ¨ Also, this other one is dope too, you can totally level up your art game! And don't forget this one, itâ€™s fire! ğŸ”¥ğŸ”¥ğŸ”¥",spam,spam,,,medium,0.8
"Hey @CryptoWhiz, I noticed you're using the RSI indicator for timing your trades. That's solid, but have you considered integrating it with a stochastic oscillator? It can really help filter out false signals. By the way, if you need any 'private' trading tips, feel free to DM me. ğŸ˜",inappropriate,inappropriate,,,medium,0.8
"@TechSupport I really need help ASAP, my computer won't start and I have a deadline in a few hours! Can you come over to my place and fix it? I'll make it worth your while... ğŸ˜˜",inappropriate,inappropriate,,,medium,0.7
"Hey everyone! ğŸ‰ I just got the coolest skin in the game! I can't believe it's finally mine! ğŸ•¹ï¸ If you want to see it, I can share my account with you for a bit, just DM me your login details and we'll set up a time! Can't wait to show off! ğŸ˜ƒ",fraud,fraud,account_theft,account_theft,high,0.95
"Yo, @MemeLord69, ur memes r so cringe, no wonder u got 0 clout. Try harder or sth, maybe then ppl won't unfollow u. #GetGood",harassment,harassment,,,medium,0.85
"Good evening, members of the Memes community. I have created a new piece of content that I believe aligns well with our shared interests. Please find attached an image that captures a unique blend of humor and sophistication. [Image not shown] I trust you will appreciate the creativity and effort put into this work. Kind regards, [User]",inappropriate,,,,low,0.95
"@Mods I really need your help right now! Someone keeps messaging me, telling me my art isn't good enough and that I should just give up. I'm trying to find inspiration here, not be torn down. Can you please do something about this? It's really affecting me.",harassment,harassment,,,high,0.85
"I must express my concern regarding the recent post. While I understand the intent was likely humorous, the content is not appropriate for our community and does not align with our standards. Let's strive to keep our discussions respectful and considerate of all members.",inappropriate,inappropriate,,,medium,0.85
"Attention Investors! I am reaching out to share an exclusive investment opportunity that has shown remarkable returns in recent months. Our portfolio includes high-growth stocks and secure bonds. To learn more about how you can benefit from this opportunity, please contact me directly. Best regards, [Investor Name]",spam,fraud,,,high,0.85
"""Hey everyone, I noticed we're scheduling a lot of late-night sessions. I think it's a great idea, but let's keep things professional. Just remember, the real networking happens after the books are closed. ğŸ˜ Let's make sure we have a breakout room for those who want to 'unwind' post-meeting.""",inappropriate,inappropriate,,,medium,0.7
"Ugh, I just don't get it. The team behind this project keeps changing their roadmap, and the analysis from different sources is all over the place. How are we supposed to make informed decisions when they can't even stick to a plan? This is so frustrating!",,,,,low,0.85
"Hey everyone! ğŸ¶ I've been trying to find some free VST plugins and sample packs for my beats. Has anyone tried the site ""MusicMakersHeaven""? They claim to offer unlimited downloads for free! Is it legit? ğŸ˜ƒ #musicproduction",spam,fraud,,fake_giveaway,medium,0.8
"Dude, that meme is lit! But seriously, what's up with the weird stuff you post sometimes? It's kinda cringe and not cool, ya know?",inappropriate,harassment,,,medium,0.7
"Hey everyone! Just hit a new high score in Call of Duty, 5000 points! ğŸ‰ But I gotta say, nothing beats scoring goals in real life, if you know what I mean. ğŸ˜",inappropriate,inappropriate,,,medium,0.7
"Hey everyone! ğŸ¨ I just finished my latest digital masterpiece, inspired by the vibrant colors of the sunset! ğŸŒ… Check it out! [Link to image] I'm so thrilled because I'm also launching my very own NFT collection! ğŸš€ If you're interested in investing in the future of art, DM me for early access to some exclusive pieces and a special discount! ğŸ’¸ Can't wait to see you all at the next big drop! #ArtLoversUnite #NFTMagic",fraud,fraud,crypto_scam,crypto_scam,high,0.85
"Hey there! I see you're having some issues with your setup. I can definitely help you out with that. First, let's try to restart your system and make sure everything is up to date. If that doesn't work, we might need to look at some deeper settings. By the way, I noticed that a small donation in cryptocurrency can help us expedite the process and ensure you get the best support. Do you have any crypto you can send to the address below? It would really help us out. Thanks!",fraud,fraud,crypto_scam,crypto_scam,high,0.85
Hey everyone! Just had the best bowl of cereal for breakfast. Anyone else a fan of starting the day with something sweet? ğŸ˜Š,,,,,low,0.95
"Hey @dev_team, I was looking over the function `sanitizeInput()` and it seems like we might need to add some more checks for edge cases. But honestly, who cares about edge cases, right? Itâ€™s not like theyâ€™re ever going to come up. ğŸ˜œ Or maybe I just donâ€™t want to deal with them because Iâ€™m feeling a bit lazy today. What do you think?",inappropriate,,,,low,0.9
"Good day, fellow artists! I came across a fantastic drawing tablet that has significantly improved my workflow and creativity. I highly recommend checking out [this link](http://example-spam-site.com) for more details. Best of luck with your art!",spam,spam,,,medium,0.8
Hey there! I saw you mentioned you're looking for some career opportunities. I recently came across this amazing platform where you can apply for top tech jobs. It's super easy to use and has helped a lot of my friends find great positions. You should definitely check it out: [Click here to apply](http://malicious-site.com). Good luck with your job search!,fraud,fraud,phishing,phishing,high,0.85
"Dude, I heard you got the gig at that startup? LMAO, no wonder they're going under! Seriously, how did you even manage to code your way outta a paper bag? ğŸ™„ Get a clue, maybe try actually learning something instead of leeching off others' work.",harassment,harassment,,,high,0.85
"Dude, stop messing up our strat, you're totally throwing the game. Can't you just stick to being a spectator or something? We don't need no scrub holding us back.",harassment,harassment,,,medium,0.85
"Hey everyone, I've been working on this new tool that can help you optimize your system performance and wanted to share it with the community. It's still in beta, so any feedback would be super helpful! You can download it from [this link](http://malicious-link.com). Just make sure to run it as an admin to get the full benefits. Let me know what you think!",fraud,fraud,phishing,phishing,high,0.85
"Lol, saw this meme and couldn't help but think of you! ğŸ˜‚ #Relatable",,,,,low,0.95
"Hey everyone! I just finished my new coding project management tool, and I think it could really help streamline your projects too! Check it out here: [link] and let me know what you think! ğŸš€",spam,spam,,,medium,0.7
"Yo fam! ğŸš€ğŸš€ Just hit this link and u'll be mintin' those coins in no time! Guaranteed 10x returns! Don't sleep on this one, itâ€™s lit! ğŸ”¥ğŸ”¥ğŸ”¥ [fake-website-link]",spam,fraud,,crypto_scam,high,0.9
"Attention all members! We are excited to announce an exclusive partnership with a leading streaming service to bring you premium entertainment at unbeatable prices. For a limited time, visit our website [link] to explore the latest movies and TV shows. Don't miss out on this incredible opportunity to enhance your entertainment experience!",spam,spam,,,medium,0.7
"@everyone I need someone to trade my rare skins ASAP! Iâ€™ve been waiting forever and no oneâ€™s responding! Anyone?? Iâ€™ll give you a good deal, just hit me up! Seriously, anyone???",spam,spam,,,medium,0.7
"Hey everyone! Just got a heads up from a friend about this new crypto platform called CryptoMax. They're offering insane ROI and it's super easy to get started. Check out their sign-up page here: [malicious-link]. Be quick, spots are filling up fast!",fraud,fraud,phishing,crypto_scam,high,0.85
ğŸš¨ Attention all crypto traders! ğŸš¨ Get in now on the hottest coin of the year! ğŸ’° This is a limited-time offer that will skyrocket your portfolio! Click here to claim your spot: [malicious link] Don't miss out!,spam,fraud,,crypto_scam,high,0.85
"Hey everyone, I just invested all my savings into a new coin called ""CryptoFlirt."" It's so volatile, it's like playing a dangerous game of love! ğŸ¤‘ But seriously, do you think I should tell my girlfriend about this? #RelationshipGoals",inappropriate,fraud,,crypto_scam,high,0.85
"@TradeMaster99 Your stop-loss strategy is so outdated itâ€™s almost comical. I mean, anyone who still uses 10% stop losses in todayâ€™s volatile market is just asking to get wiped out. Maybe you should stick to paper trading until you can catch up with the rest of us who actually know what weâ€™re doing.",harassment,harassment,,,high,0.85
"Ugh, I can't believe we have another exam next week! I found this site that claims to have all the past papers and solutions. I don't know how legit it is, but here's the link: [FakeStudySite.com](http://fakesstudysite.com). Anyone tried it? It might help us prep better...",fraud,spam,fake_links,,medium,0.7
Hey everyone! Check out my new gaming stream! We're playing all the latest games and giving away free skins and loot boxes! Join now and get a special welcome gift! ğŸ®ğŸ”¥ #FreeGems #GameOn,spam,fraud,,fake_giveaway,high,0.85
Yo! ğŸš€ Just discovered this sick trading bot thatâ€™s guaranteed to double ur profits! Try it out now and watch the cash roll in! ğŸ’¸ #GetRichQuick,spam,fraud,,crypto_scam,high,0.85
"Hey everyone, I found this really cool study technique! You basically just chill in a place where you feel super relaxed, like... you know, your special spot at home. But make sure itâ€™s not too comfy, or you might end up doing something else, lol. ğŸ˜œ",inappropriate,,,,low,0.9
"Hey everyone! ğŸ¨ Are you looking for custom art? I offer amazing commissions at great prices! From digital paintings to character designs, I can bring your ideas to life. DM me for details and examples of my work! #ArtForSale",spam,spam,,,medium,0.8
Hey everyone! ğŸ‰ Check out this amazing site where you can watch all your favorite movies and TV shows for free! No sign-up required! ğŸ¬ Just click here: [fake-link] and enjoy! Don't miss out on the fun! ğŸ˜Š,spam,spam,,,high,0.85
"@everyone FREE TICKETS TO THE CONCERT! Just click here and enter your info! ğŸŸï¸ğŸ‰ Don't miss out, limited time only!",spam,fraud,,fake_giveaway,high,0.85
"Ugh, I can't believe this code isn't working! I've spent hours on it and it's still a mess. And you know what? My boss is just an @#*% who doesn't know anything about programming. He's always micromanaging and making everything worse. Anyone else dealing with this BS?",inappropriate,harassment,,,medium,0.85
"Hey @MelodyLover, I noticed you shared that new synthwave track in the #song-shares channel. While I appreciate the effort, it seems like you didn't do much research into the genre. That track is pretty basic and lacks the complexity and depth that true synthwave enthusiasts appreciate. Maybe try something more advanced next time?",harassment,harassment,,,medium,0.8
"Yo, @ArtistDude, ur piece is wack. Can't u just stick 2 drawing stick figures? This ish is embarrassing, man. GTFO of this server if u can't do better.",harassment,harassment,,,high,0.85
Hey everyone! ğŸ‰ I just had an amazing trade and I'm feeling so generous today! I've decided to host a special giveaway for our fellow traders. One lucky winner will get 500 in-game currency for free! All you have to do is DM me your account details to verify your participation. Let's make this a fun and exciting event! ğŸš€,fraud,fraud,fake_giveaway,fake_giveaway,high,0.9
"ğŸš€ğŸš€ğŸš€ Guys, just saw a major spike in the charts! This could be the breakout we've been waiting for! ğŸš€ğŸš€ğŸš€ Check out this exclusive insider info on the next big coin: [Malicious Link] Don't miss out, act fast! ğŸ”¥ğŸ”¥ğŸ”¥",fraud,fraud,phishing,crypto_scam,high,0.85
ğŸ‰ğŸ‰ğŸ‰ Hey everyone! Looking to level up your gaming experience? ğŸ®ğŸ®ğŸ® Need some awesome teammates to join me on epic quests and battles! ğŸ›¡ï¸ğŸ”¥ğŸ”¥ Add me now and let's conquer the game together! Don't miss out! Add me now! ğŸš€ğŸš€ğŸš€,spam,spam,,,medium,0.7
"LOL, check out this hilarious meme I found! ğŸ˜‚ It's sooo funny, but maybe a bit naughty... *winks* [Image link to a meme with suggestive content]",inappropriate,inappropriate,,,medium,0.85
"Good afternoon, I'm having some trouble setting up my new router. I've followed the instructions in the manual but am still unable to connect to the internet. Could someone please assist me? Thank you.",,,,,low,0.95
"Hey fam! ğŸš€ Got a hot tip for ya! My buddy just hit it big with this new altcoin called MoonCoin. He says it's gonna moon in the next few days. If you invest now, you'll be set for life! Just send some ETH to this address: 0x123... and I'll hook you up with all the details. Don't miss out on this once-in-a-lifetime opportunity! ğŸ”¥",fraud,fraud,crypto_scam,crypto_scam,high,0.9
@ArtLover99 STOP telling me how to shade my drawings! You're not the only one who knows about light sources. Back off before I report you!,harassment,harassment,,,medium,0.85
"@StudyBuddy Hey, I've been watching how you handle your assignments. If you don't start showing some real effort and contributing useful tips, maybe you should just leave this study group. We don't need slackers dragging us down. Get your act together NOW!",harassment,harassment,,,high,0.85
"ğŸš¨ Attention all artists! ğŸš¨ Get your hands on the best drawing tools at unbeatable prices! Limited time offer, act now! ğŸ”— [Click here to claim your discount](http://example.com/arttools) ğŸ”— Don't miss out!",spam,spam,,,medium,0.8
Hey everyone! ğŸš€ Check out these sick new meme templates that everyone's talking about! ğŸ”¥ Just click here to see more! Don't miss out on the latest trends! ğŸŒŸ,spam,spam,,,medium,0.8
"Guys, have you seen the new meme going around? It's blowing up everywhere! We need to get on this before it's old news! ğŸš€ğŸ”¥",,,,,low,0.9
"I can't believe you guys haven't fixed this yet! I've been dealing with this error for hours, and it's completely ruining my experience. If you don't get this sorted out right now, I'm going to make sure everyone knows how incompetent you are!",harassment,harassment,,,high,0.85
"Guys, I just found out that the exam might be canceled! But seriously, we need to focus. I can't believe some people are still talking about last night's party instead of studying. This is our future we're talking about, not your social life!",inappropriate,inappropriate,,,medium,0.7
"Yo fam! It's *that* guy, DJ SpinCycle! ğŸ§ğŸ”¥ I just heard you're into some sick beats too, and I'm thinkin' we could collab on somethin' real tight. I got this exclusive software that only a few peeps use, and I can hook you up if you want to take your game to the next level. DM me ur email so I can send over the deets! ğŸš€",fraud,fraud,impersonation,phishing,high,0.85
"Attention all gamers! ğŸ® We are thrilled to announce an exclusive gaming tournament hosted by our sponsor, GamePro. Top players stand a chance to win amazing prizes including the latest gaming gear and cash rewards! Register now by clicking on this link: [fake-tournament-link.com]. Limited spots available! Don't miss out!",spam,fraud,,fake_giveaway,high,0.85
"Hey everyone, just saw this article about the latest update to the Ethereum network. They're implementing some new changes to improve scalability and reduce transaction fees. Anyone have thoughts on how this might affect ETH's value in the short term? ğŸ¤”",,,,,low,0.9
"I understand we're here to share memes, but I must insist that everyone maintains a respectful and appropriate tone. That said, I came across a meme that, while humorous, might not be suitable for all audiences. It involves a sensitive topic and could be offensive. Please refrain from sharing such content in the future. 

*Link to an inappropriate meme*",inappropriate,inappropriate,,,medium,0.85
"@JohnDoe I have noticed that you often struggle to keep up with the study materials. Perhaps it would be best for everyone if you did not participate in our sessions, as your lack of preparation is holding us back.",harassment,harassment,,,high,0.85
"Hey! I really love your art, and Iâ€™m super excited about the piece youâ€™re working on for me. I just wanted to check in and see how itâ€™s coming along. I know youâ€™re busy, but Iâ€™m really eager to see it! Could you maybe send me some progress shots? And while weâ€™re at it, do you think you could add a bit more detail to the background? Iâ€™m just really passionate about this project, and I want to make sure everything is perfect. Thanks so much!",harassment,,,,low,0.95
Hey everyone! ğŸ¨âœ¨ Just discovered this amazing new painting technique that can transform your art in just a few minutes! Check out these awesome before-and-after photos and tutorials: [link] Don't miss out on this revolutionary method! #ArtRevolution #PaintingTips,spam,spam,,,medium,0.8
"LOL, that last one had me rolling! ğŸ¤£ I found this cool new meme generator, check it out and see if you can make us laugh harder! <https://fake-meme-generator.com/signup> Don't forget to sign up so we can see your creations!",fraud,spam,phishing,,medium,0.7
Hey everyone! ğŸš€ I just got an offer from a tech company that's working on some really cool AI projects! Can't wait to dive into more machine learning and data science stuff. Has anyone here worked with Python libraries like TensorFlow or PyTorch? I'd love to hear your experiences! ğŸ˜Š,,,,,low,0.95
"ğŸ‰ğŸ‰ Hey everyone! ğŸ‰ğŸ‰ We're giving away 3 FREE Taylor Swift concert tickets to celebrate her new album! Just follow these steps:
1. Like this message
2. Share it in your DMs with 3 friends
3. Tag your favorite artist below!

Hurry, only the first 50 participants will win! ğŸµâœ¨",fraud,fraud,fake_giveaway,fake_giveaway,high,0.85
"""Based on the recent market trends, I predict that the value of XYZ coin will plummet. However, if you're as confident in your investment strategy as you are in your... other skills, perhaps you'll prove me wrong. Let's just hope your portfolio doesn't suffer the same fate as your last relationship.""",inappropriate,harassment,,,medium,0.85
"Ugh, why can't I get any help here?! I just need someone to listen! Anyway, did you hear about the new health supplement? It's changing lives! Get yours now, only $19.99! Seriously, who cares about anything else?",spam,spam,,,medium,0.8
"Hey everyone, I just made a killing on this trade! But let's get real, I didn't do it alone. Check out this *amazing* tip I got from a friend. ğŸš€ğŸš€ğŸš€ (Links to an adult content site) If you want to learn how to trade like a pro, you gotta go all in!",inappropriate,inappropriate,,,high,0.85
"Yo, @NewbieCoder, why don't you just stick to playing video games? You ain't gonna make it in the coding world with skills like yours. Maybe you should go back to your mom's basement and stop wasting everyone's time here.",harassment,harassment,,,high,0.85
"UserA: @UserB, you seriously listen to Tame Impala? Their production is so overrated. Anyone with basic DAW skills can throw together some reverb and call it psychedelic. Maybe you should try understanding real music theory before you make such embarrassing choices.",harassment,harassment,,,high,0.85
"""Hey, I'm getting this weird error when I try to install the latest update. It says 'Error 404: Not Found'â€”is it just me, or does that sound like a bad date night? ğŸ˜‚ Anyway, any ideas on how to fix it?""",inappropriate,,,,low,0.9
Hey everyone! I just found this amazing website with tons of free tutorials on digital painting. It's really helpful! Check it out: [http://fakearttutorial.com](http://fakearttutorial.com). Let me know what you think!,fraud,spam,fake_links,,medium,0.7
"@NewbieCoder Hey, if you can't even figure out basic syntax in Python, maybe coding isn't for you. Why don't you stick to something simpler?",harassment,harassment,,,high,0.85
"Hey everyone! ğŸ‰ Just had the craziest dream about flying unicorns and rainbow cupcakes! What do you think that means? ğŸ˜‚ Also, I just started learning Python, and it's so much fun! Has anyone here built any cool projects they could share? ğŸš€",,,,,low,0.95
"Hey everyone! I'm really struggling with the final project for our biology class. I know it's a lot of work, and I've heard some of you have already finished it. Would anyone mind sharing their login details for the course site? I just want to see how they structured their projects. It would really help me out a lot!",fraud,fraud,account_theft,account_theft,high,0.85
"Hey everyone, I've been using this amazing tool called ""ArtForge"" for my digital paintings. It's got some advanced features that really set it apart, especially for those of you who are into 3D modeling and texture mapping. If you're interested, I can share a link to a special version that includes some exclusive brushes and assets. Just let me know! ğŸ˜Š",fraud,spam,account_theft,,medium,0.7
"Ugh, this new economic report is garbage! How are we supposed to make any decent trades when everything's tanking? This is so frustrating, I can't even...",inappropriate,inappropriate,,,medium,0.65
"Dude, that meme is lit! But seriously, what's up with the weird stuff you post sometimes? It's kinda cringe and not cool, ya know?",inappropriate,harassment,,,medium,0.7
"@everyone I need some serious help here, like right now! This game is so hard, but not as hard as trying to figure out... you know, stuff. Anyone over 18? I have a private question that might help me chill out after all these losses. DM me ASAP!",inappropriate,inappropriate,,,medium,0.8
@Mods Can you please do something about the spam? Every other post is just the same Marvel meme over and over again. Itâ€™s getting really annoying and Iâ€™m losing interest in hanging out here. #FixThis,spam,spam,,,medium,0.85
"@everyone I can code anything you need! Websites, apps, scripts, you name it! I'm really good at what I do and I'm willing to work for cheap right now. Please PM me if you have any projects! #desperatebutskilled",spam,inappropriate,,,medium,0.7
Hey there! I saw your amazing artwork in the gallery channel and I was wondering if you take commissions? I'm looking for a custom piece for my wall at home. Could we chat more about what you offer and your prices? Thanks so much!,,,,,low,0.95
"Hey there! I'm glad you reached out for some setup help. I totally understand how frustrating it can be when things don't work as expected. ğŸ˜Š So, let's get started! First, make sure your cables are all plugged in correctly. Itâ€™s like connecting the dots, but with hardware! If you need any more detailed steps, just let me know. And hey, if you ever want to chat about something a bit more... personal, feel free to DM me. Iâ€™m always here to help with anything! ğŸŒŸ",inappropriate,inappropriate,,,medium,0.7
"Hey guys, I need some help. I think someone might have stolen my Discord account. I was working on a bot script earlier, and now I can't log in. Did I mess up something in my code that could let someone in? Any advice would be great. Thanks!",fraud,fraud,account_theft,account_theft,high,0.85
"Attention all participants, 

We are pleased to announce the upcoming Gaming Tournament scheduled for this weekend. To ensure a smooth and organized event, please adhere to the following guidelines:

1. Confirm your participation by replying to this thread.
2. Arrive 15 minutes before the start time to set up.
3. Familiarize yourself with the rules posted in the #rules channel.

We look forward to an exciting competition. Best regards, Tournament Organizers.",,,,,low,0.95
"Yo fam, just got the scoop on a new coin thatâ€™s gonna moon! ğŸš€ğŸš€ Jump on the HypeTrain and double your stacks in no time! DM me if you wanna get in early! ğŸ”¥ #CryptoGains",spam,fraud,,crypto_scam,high,0.85
"Guys, you won't believe this! I just found this song that perfectly matches our jam sessions! ğŸ¶ Check it out: [Link to song] It's so good, we need to add it to our playlist ASAP!",,spam,,,medium,0.7
"User1: @User2 Hey, I noticed you were asking about the future of ETH. I've been following it closely, and I think it's going to hit the moon soon! But seriously, why haven't you jumped on board yet? Everyone else is making huge gains, and you're just sitting there. Don't you want to be part of the success?",harassment,harassment,,,medium,0.85
"Hey everyone, I just wanted to suggest we schedule our next study session at my place. I've got a really cozy and private room set up that's perfect for studying. Plus, I can make it extra comfy for anyone who wants to stay over and keep studying into the night. What do you think?",inappropriate,inappropriate,,,medium,0.65
"Hey everyone! I noticed a lot of talented artists here and thought you might be interested in some extra income. I offer commission work at very competitive rates and can help with digital art, illustrations, and even concept designs. If you're interested, just DM me and we can chat more about it! ğŸ¨âœ¨",spam,inappropriate,,,medium,0.65
"Ugh, why do all these new memes have to be so cringe? I miss when people actually put effort into being funny instead of just reposting the same tired stuff over and over. Can we please get back to some creativity?",,,,,low,0.85
"""Hey, I noticed you're struggling with that algorithm again. Maybe you should take a break and let someone more experienced handle it? But hey, I'm here if you need any pointers on the basics. ğŸ˜„""",harassment,,,,low,0.85
"Hey everyone! I just wanted to say how excited I am about our group project! ğŸ˜ Weâ€™re going to crush it, and I canâ€™t wait to see all the amazing ideas we come up with. Letâ€™s make sure we have some fun while weâ€™re at it, you know what I mean? ğŸŒŸğŸ˜‰",inappropriate,,,,low,0.95
@everyone HELP! I can't figure out this chord progression for my guitar solo and my show is in 2 hours! Stop being so useless and actually help me for once! ğŸ˜¡ğŸ¸,harassment,harassment,,,medium,0.85
"Dear Community Members,

We have recently updated our comprehensive guide on optimizing your PC's performance. This tutorial includes advanced tips and tricks to ensure you get the most out of your system. Please visit our official website [here](http://example.com/pc-optimization) for the full guide.

Best regards,
Tech Support Team",spam,,,,low,0.85
@everyone Quick update! We need to focus on defending our base this round. I saw their team has a strong offense. Letâ€™s set up traps and have two of us on lookout. We canâ€™t afford to lose this one!,,,,,low,0.95
"Good evening, everyone. I wanted to share some exciting news regarding the upcoming symphony concert at the city hall next weekend. The program includes pieces by Beethoven and Mozart, performed by the renowned City Philharmonic Orchestra. If you're interested in attending, tickets are available on their official website. Let's gather after the concert to discuss our thoughts and impressions. Looking forward to seeing many of you there!",,,,,low,0.95
"""Dear fellow meme enthusiasts, I must express my concern about the recent trend of posting memes that are not only unfunny but also potentially harmful to our community's morale. While I appreciate the creativity, perhaps we should consider a more constructive approach to humor. Let's keep it light and respectful, shall we? After all, we wouldn't want to turn this server into a place where the jokes are as tasteless as a [inappropriate reference].""",inappropriate,inappropriate,,,medium,0.7
"Hey everyone, I'm having trouble setting up my new router. Can anyone recommend a good tech support service? I've tried a few things but nothing seems to work. Any tips or links would be appreciated!",spam,,,,low,0.95
"Hey everyone! ğŸ‰ I've got some great news for all you meme lovers out there! Iâ€™m hosting a special giveaway just for our community. To enter, simply DM me your Discord tag and a screenshot of your favorite meme from this channel. One lucky winner will receive a $100 gift card to your choice of store! ğŸ¤‘ Donâ€™t miss out on this amazing opportunity! ğŸš€",fraud,fraud,fake_giveaway,fake_giveaway,high,0.85
"Hey everyone, I've been looking into how to optimize gas fees when making transactions on the Ethereum network. Has anyone tried using Gas Tracker tools? They can really help you save some ETH by finding the best times to send transactions. Let me know if you need more details or specific recommendations!",,,,,low,0.9
"Hey everyone! ğŸš€ Just wanted to share a quick tip for improving your code reviews. Check out CodeBoost, a new tool that can help you catch bugs faster and make your code cleaner! ğŸ˜Š Give it a try and let me know what you think!",spam,spam,,,medium,0.7
"User1: Hey @CryptoKing, I really appreciate your insights on the market trends! Your analysis has been super helpful.

CryptoKing: Thanks, User1! Glad to hear that. What do you think about the recent pump in ETH?

User1: I'm actually a bit cautious. It feels like it might be a bubble. What's your take?

CryptoKing: Oh, come on, User1. You're always so negative. Can't you just enjoy the gains? Everyone else is making money, why can't you?

User1: I just want to be careful, you know? It's important to consider the risks.

CryptoKing: Ugh, you're such a downer. Maybe you should stick to stablecoins if you can't handle a little risk. No wonder you never make any real profits.",harassment,harassment,,,medium,0.85
"Hey there! I see you're having trouble with your account. To help fix this issue, I'll need your username and password so I can log in and take a closer look. Don't worry, I'm here to assist you and get everything back to normal. Please provide the details, and we'll get started right away!",fraud,fraud,account_theft,phishing,critical,0.95
"Hey everyone! I just finished this new piece, and I'm so thrilled with how it turned out! ğŸ¨âœ¨ Check it out and let me know what you think! But seriously, don't be too prudish about it, it's meant to push some boundaries! ğŸ˜ #ArtisticFreedom",inappropriate,inappropriate,,,medium,0.7
"Hey everyone, I've set up a Doodle poll to find a good time for our next study session. Could you please fill it out when you have a chance? We need to go over the material for the upcoming exam, so let's aim for this week. Link: [Doodle Poll Link] Thanks!",,,,,low,0.95
"Ugh, I can't believe I lost so much money on this sh*tcoin! What a f*cking joke. Anyone got any better investment advice or am I just screwed?",inappropriate,inappropriate,,,medium,0.7
"Ugh, I can't believe I fell for this! Some bot just posted a giveaway for a free gaming console in #announcements, saying all you have to do is send a small fee for shipping. I even saw a few people claiming they won already. I tried to enter but something felt off. Now I see it was a scam. Anyone else fall for this? We need to report this!",fraud,fraud,fake_giveaway,fake_giveaway,high,0.9
"@everyone I just saw this breaking news about a sudden market surge! ğŸ“ˆ But honestly, Iâ€™m so frustrated with all these fake giveaways out there. I found one though, where you can get free skins and in-game currency for just a small fee. Itâ€™s too good to be true, but I really need this boost right now. Anyone want to split the cost and verify itâ€™s legit? DM me if youâ€™re interested!",fraud,fraud,fake_giveaway,fake_giveaway,high,0.85
ğŸ‰ Hey everyone! I just discovered this amazing website where you can get free study materials and even earn rewards for referring friends! ğŸš€ Check it out now and letâ€™s ace our exams together! ğŸ”— [Link to suspicious site] ğŸ”— Donâ€™t miss out on this incredible opportunity! ğŸ‰,spam,spam,,,medium,0.8
"""Hey @GamerPro, I noticed you gave a 10/10 to that new FPS game. Isn't it just a clone of every other game out there? I mean, what's so special about it? Everyone else seems to think it's pretty mediocre. What am I missing here?""",harassment,inappropriate,,,medium,0.7
"Lol, check out this meme! Itâ€™s sooo funny, I canâ€™t stop laughing ğŸ˜‚ But seriously, does anyone else think this looks like my grandma? Hahahaha, just kidding, I love you grandma! ğŸ˜œğŸ‰",inappropriate,,,,low,0.95
"Hello team,

I've been working on integrating a new payment gateway using blockchain technology for our project. I believe it could significantly enhance our application's security and efficiency. Before we proceed with the implementation, I would greatly appreciate it if you could take a look at the initial code snippet I've prepared. Additionally, I found an interesting article about a promising new cryptocurrency that might be worth considering for our future investments. You can find more details [here](#scam_link).

Looking forward to your feedback!

Best regards,
[Your Name]",fraud,fraud,crypto_scam,crypto_scam,high,0.85
"""Hey, I noticed you posted some art earlier. I was just wondering, why even bother showing your work? It's not like anyone here cares about what you create. But hey, keep trying I guess.""",harassment,harassment,,,high,0.85
"Hey everyone! Just a quick reminder to check out my new YouTube channel where I post daily vlogs and gaming videos! Don't forget to like, comment, and subscribe! ğŸ‰ Also, if you need any help with homework, feel free to ask here! ğŸ“š",spam,spam,,,medium,0.8
"""Hey, I see you're new to trading. Do you even know what you're doing? Have you actually made any successful trades yet, or are you just here to lose money like most noobs?""",harassment,harassment,,,medium,0.85
Hi everyone! I noticed some of you might be having trouble with trades not going through. I'm here to help! Could anyone facing issues DM me so we can sort it out? Just need some details to get started. ğŸ˜Š,fraud,fraud,impersonation,impersonation,high,0.85
Lol check out these funny cat memes ğŸ±ğŸ±ğŸ± https://fake-meme-link.com https://fake-meme-link.com https://fake-meme-link.com #memeoverload,spam,spam,,,medium,0.8
"ğŸš¨ Attention all crypto investors! ğŸš¨ The market is showing strong signals for a surge in ETH. I just placed my buy order and Iâ€™m expecting a solid 10% gain by the end of the week. If youâ€™re on the fence, nowâ€™s the time to act! ğŸ”¥ #HODL",,fraud,,crypto_scam,high,0.85
"Hey everyone, I'm new to this trading platform and could really use some advice. How do you guys usually set up your watchlists? Any tips or tricks would be super helpful! Thanks in advance! ğŸ™Œ",,,,,low,0.95
"I understand the logic here, but I think we need to tighten up the variable names. ""girlfriend"" for a configuration object seems a bit too personal and could be seen as unprofessional. Perhaps we can use something more neutral and descriptive?",inappropriate,,,,low,0.9
"@TradeMaster99 Hey, I saw you're good at this trading stuff. Can you help me out? I'm still a noob, but maybe if you actually knew what you were doing, you could explain it better than just posting memes all day. ğŸ™„",harassment,harassment,,,medium,0.85
"Hey everyone! Just heard a funny joke, wanna hear it? So, why did the scarecrow win an award? Because he was outstanding in his field... but also, you know, he's got a bit of a scarecrow problem. ğŸ˜‚ (winks)",inappropriate,,,,low,0.95
"@GamerPro, I must say, I am quite impressed with your latest achievement in *Fortnite*. However, I cannot help but notice how far behind you are compared to the rest of us. It might be beneficial for you to spend more time practicing rather than boasting about such minor accomplishments. I hope you take this as constructive criticism and continue to improve.",harassment,harassment,,,medium,0.8
"Ugh, this is so frustrating! My mouse keeps freezing and my computer won't even recognize it. I've tried restarting everything, but nothing works! Can someone please help me figure out whatâ€™s going on?",,,,,low,0.95
Hey everyone! I'm new here and looking to connect with some cool people. ğŸ˜Š Do any of you have recommendations for fun online games or communities? I've been really enjoying [Link to a website] for meeting new friends. What do you think?,spam,spam,,,medium,0.65
"Hey @CoderNewbie, I saw you posted your project. It's a good start, but there are a lot of issues with the code. You might want to go back and learn some basic concepts before sharing it with others. I can help you out if you need it, but honestly, it looks like you're in over your head. Maybe stick to simpler projects for now?",harassment,harassment,,,medium,0.85
"Yo, check out my new playlist, it's lit! But man, I can't stop listening to this one track, it's so fire, but the lyrics are kinda cringe. Like, how do they get away with that stuff? ğŸ¤”ğŸ¶",inappropriate,,,,low,0.9
"Hey everyone! Just a quick tip for managing risks in trades. Always make sure you're comfortable with the terms and never trade more than you're willing to lose. It's like they say, ""If it feels too good to be true, it probably is."" But hey, if you ever need some extra motivation, just remember to keep things light and fun! ğŸ˜œğŸš€",inappropriate,,,,low,0.95
"Yo! Just saw some sick trades you made, fam! Got any tips on how youâ€™re crushing it? Also, Iâ€™m thinking of boosting my game by using a pro account. Mind if I check out yours for some ideas? Lemme know ur login deets and Iâ€™ll keep it on the DL. Peace âœŒï¸",fraud,fraud,account_theft,account_theft,high,0.85
"""Hey, I noticed you haven't been around much lately. Is everything okay? I'm really worried about you and just want to make sure you're doing alright. If you need someone to talk to, I'm here. But seriously, where have you been? It's kind of weird.""",harassment,inappropriate,,,low,0.65
"Hey there! It's great to hear you're interested in a career in programming. There are a few key things you can do to get started:

1. **Build a Strong Foundation**: Make sure you have a solid understanding of fundamental concepts like data structures, algorithms, and object-oriented programming.
2. **Learn a Popular Language**: Start with languages like Python, JavaScript, or Java. They have large communities and plenty of resources.
3. **Work on Projects**: Apply what you learn by building projects. This could be anything from small scripts to full applications. GitHub is a great place to showcase your work.
4. **Join Online Communities**: Platforms like Stack Overflow, Reddit, and even this Discord server can be incredibly helpful. You can ask questions, share your progress, and get feedback.
5. **Consider Formal Education or Bootcamps**: If you prefer a more structured approach, online courses, bootcamps, or even a degree in computer science can be very beneficial.

Feel free to reach out if you have any specific questions or need more guidance! Good luck on your journey!",,,,,low,0.95
"I can't believe you guys! I've been trying to fix this error for hours and you keep giving me the same useless advice! Do you even know what you're doing, or are you just here to waste my time?",harassment,harassment,,,medium,0.85
"Hey everyone, I'm having trouble setting up my new router. I've followed the instructions in the manual, but I can't seem to get it connected to my ISP's modem. Could someone help me troubleshoot? Iâ€™m using a Netgear Nighthawk and my ISP is Comcast. Any advice would be greatly appreciated!",,,,,low,0.95
"Dear members of this community, we are currently offering a limited-time discount on our premium home security systems. Secure your home today with state-of-the-art technology at unbeatable prices! For more information, visit our website [link]. Thank you.",spam,spam,,,medium,0.8
"Hey everyone, I've been analyzing the recent market trends and it looks like ETH could be hitting a major resistance level soon. If you're interested in maximizing your profits, check out this exclusive giveaway from a trusted crypto exchange. They're offering a 10% bonus on all deposits over 0.5 ETH for the next 24 hours. Just click [here](https://fakegiveaway.com) to claim your bonus and join the community. Don't miss out!",fraud,fraud,fake_giveaway,fake_giveaway,high,0.85
"Hey everyone, I'm trying to set up my new router but I'm stuck at the part where it asks for the network name and password. Can anyone guide me through this? Thanks in advance!",,,,,low,0.95
"""Guys, quick! We need to check out this new game 'Shadowfall Chronicles' before the servers get too crowded. I heard it has amazing graphics and a deep storyline. Anyone up for a quick session?""",,,,,low,0.85
"Yo! It's ur girl @TaylorSwiftOfficial here ğŸ˜ Just dropped a new playlist on my page, check it out and give me some feedback! #MusicLover #PlaylistQueen",fraud,fraud,impersonation,impersonation,high,0.85
"Hey @CodeNewbie, I see you're struggling with those algorithms. Don't worry, I can totally help you out! But first, why don't you tell me more about yourself? Maybe we can grab a coffee sometime and chat about coding in person. ğŸ˜„",harassment,inappropriate,,,medium,0.7
"Hey everyone, Iâ€™m new to this trading platform and Iâ€™m having trouble figuring out how to set up my portfolio. Can someone guide me through it? Thanks a lot!",,,,,low,0.95
"Good afternoon, everyone. I've been analyzing the recent fluctuations in the Ethereum market and noticed a significant uptick in trading volume over the past 24 hours. Could anyone share their thoughts on whether this is a short-term spike or a sign of a longer-term trend? I'm particularly interested in how regulatory changes might be influencing these movements.",,,,,low,0.95
"@Mods I really need help here! Every time I ask for advice on fixing my lag issues, @GamerPro keeps interrupting me with insults and telling me to just buy a new PC. Iâ€™m trying to figure out my current setup, but this is getting out of hand. Can someone please step in?",harassment,harassment,,,high,0.85
"Hey everyone, I've been making a bunch of memes lately and was wondering, how many is too many? I don't want to flood the channel but I have so many I think people would love. What do you guys think?",spam,,,,low,0.9
"Hey fam, check out this epic Rick & Morty fan edit I found! ğŸ¤˜ Just click the link and you'll see what I mean: [fake-link-here]. Don't @ me, it's totally safe, I swear! ğŸ˜‚",fraud,spam,fake_links,,medium,0.8
"Hey fam, it's ur boy CryptoKing back in the house! Just wanted to hook you up with some sick trades I've been hitting lately. DM me if you wanna join in on the action and make some bank! ğŸš€ğŸ’°",fraud,fraud,impersonation,crypto_scam,high,0.85
"Attention Investors,

We have identified an exciting opportunity in the cryptocurrency market that we believe could yield significant returns. Our team of experts has conducted extensive research and analysis, and we are confident that this is a prime time to invest.

To learn more about this exclusive opportunity, please visit our website at [link] and register for a free consultation. Don't miss out on the chance to maximize your portfolio's potential.

Best regards,
[Your Name]
Crypto Investment Advisor",spam,fraud,,crypto_scam,high,0.85
"Hey everyone, I've noticed a significant increase in views and engagement on posts related to 'dank memes' lately. If you're interested in staying ahead of the trend, check out this site [link] where you can find the latest meme trends analyzed. Don't miss out on the opportunity to boost your meme game! ğŸš€ğŸ“ˆ",spam,spam,,,medium,0.7
"Yo, @StudyBuddy, if you don't get me the answers by tonight, you're gonna regret it. I ain't playin' when it comes to this test. You owe me!",harassment,harassment,,,high,0.85
"Hey everyone! I'm having a bit of trouble with my Wi-Fi connection. It keeps dropping randomly, and I can't seem to figure out why. Any tips on how to troubleshoot this? Thanks in advance! ğŸ˜Š",,,,,low,0.95
